Workbook

Sheet Hướng dẫn
A1: Dữ liệu biểu đồ · backup_bao-cao-chuong-trinh-tu-2025.pdf
A2: Số liệu khớp với bản PDF 21 trang (bản lưu ngày 13/10/2026). Mỗi trang tính là một biểu đồ trong PDF.
A4: Cách dùng
A5: 1. Tải file lên Google Drive, bấm đúp rồi chọn "Mở bằng Google Trang tính" (Open with Google Sheets).
A6: 2. Tệp → Cài đặt → Ngôn ngữ (Locale): Việt Nam, để số hiện như PDF: 1.825 và 8,5.
A7: 3. Mỗi khối có dòng tiêu đề tô màu là dữ liệu của một biểu đồ. Chọn đúng vùng ở bảng dưới (gồm cả dòng tiêu đề), rồi Chèn → Biểu đồ (Insert → Chart).
A8: 4. Thẻ Thiết lập (Setup): chọn loại biểu đồ. Thẻ Tùy chỉnh (Customize) → Chuỗi (Series): đổi màu theo mã, bật Nhãn dữ liệu (Data labels) để hiện số.
A10: Trang tính | B10: Biểu đồ trong PDF | C10: Trang PDF | D10: Chọn vùng | E10: Loại biểu đồ | F10: Chỉnh thêm
A11: Ô số | B11: Các ô số lớn | C11: 3, 11, 12 | D11: Một ô ở cột C | E11: Thẻ điểm (Scorecard) | F11: Mỗi ô một thẻ. Dòng ghi chú (cột D) gõ vào ô bên dưới thẻ.
A12: Hoạt động theo tháng | B12: Nhịp hoạt động theo tháng và các mốc chính | C12: 4 | D12: A4:B26 và D4:E26 | E12: Cột (Column), mỗi vùng một biểu đồ | F12: Web #00749C, Fanpage #D08F00. Đặt biểu đồ Fanpage ngay dưới biểu đồ web, cùng độ rộng. Dải giai đoạn và mốc chính không vẽ được: dùng 2 bảng bên phải.
A13: Chương trình theo loại | B13: Số chương trình theo loại và năm | C13: 8 | D13: A4:C10 | E13: Thanh xếp chồng (Stacked bar) | F13: 2025 #2F87B0, 2026 #0A5677. Bật Nhãn dữ liệu và Nhãn tổng (Total data labels) để có số ở cuối thanh.
A14: Công bố trước | B14: Công bố trước bao nhiêu ngày | C14: 10 | D14: A4:C15 | E14: Thanh (Bar) | F14: Web #00749C, Fanpage #D08F00. Số âm là đăng sau ngày diễn ra. Vùng "nên công bố 21 – 28 ngày" thì ghi vào tiêu đề phụ.
A15: Bài web theo nhóm | B15: Số bài theo nhóm và năm | C15: 11 | D15: A4:D14 | E15: Không cần biểu đồ | F15: Bảng đã có thang màu sẵn (định dạng có điều kiện), dùng như trong PDF.
A16: Top 10 bài web | B16: Mười bài có nhiều lượt xem nhất | C16: 11 | D16: A4:B15 | E16: Thanh (Bar) | F16: Màu #00749C. Bấm vào thanh cuối "Trung vị mọi bài" → Định dạng điểm dữ liệu (Format data point) → #D08F00, thay cho vạch vàng trong PDF.
A17: Fanpage theo tháng | B17: Nhịp đăng và mức phản hồi theo tháng | C17: 12 | D17: A4:C17; E4:F17 | E17: Cột xếp chồng (Stacked column); Đường (Line) | F17: Hotel #00749C, Café Lounge #D08F00; đường trung vị #00749C. Đặt biểu đồ đường ngay dưới biểu đồ cột. Bảng H4:I17 để dưới 2 biểu đồ.
A18: Nhóm nội dung Fanpage | B18: Đăng nhiều chưa chắc được thích nhiều | C18: 13 | D18: A4:B13 và D4:E14 | E18: Thanh (Bar), mỗi vùng một biểu đồ, đặt cạnh nhau | F18: Mọi thanh #C3CDD0, riêng nhóm "Tiệc, hội nghị, sinh nhật": số bài #00749C, trung vị #D08F00 (Định dạng điểm dữ liệu). Thanh cuối "Trung vị chung" đổi sang #5C6B70.
A19: Yếu tố lượt thích | B19: Những yếu tố đi kèm lượt thích cao hơn | C19: 13 | D19: A4:C10 | E19: Thanh (Bar) | F19: Có yếu tố #00749C, Không có #C3CDD0. PDF vẽ bằng 2 chấm nối nhau; Sheets dùng 2 thanh cạnh nhau. Cột F (gấp bao nhiêu lần) chỉ để tham khảo.
A20: Reel trang Hotel | B20: Ba reel buffet chiếm 95% lượt xem reel | C20: 13 | D20: A4:B14 | E20: Thanh (Bar) | F20: 3 reel buffet (3 thanh đầu) #00749C, các reel khác #C3CDD0. Bật Nhãn dữ liệu.
A21: Chương trình trên 100 thích | B21: 16 chương trình có bài trên 100 lượt thích | C21: 14 | D21: A4:B20 | E21: Thanh (Bar) | F21: Màu #00749C, bật Nhãn dữ liệu.
A23: Màu trong PDF
B24: #00749C · Web; trang Hotel; thanh chính
B25: #D08F00 · Fanpage; trang Café Lounge; trung vị
B26: #2F87B0 · Năm 2025
B27: #0A5677 · Năm 2026
B28: #C3CDD0 · Thanh phụ, làm mờ
B29: #5C6B70 · Trung vị chung
A31: Sheets không vẽ được: dải nền 2 giai đoạn, mốc có đường dẫn, vạch trung vị trên thanh ngang, vùng 21 – 28 ngày, chấm nối nhau, nhãn 2 dòng. Các thông tin đó đã để thành bảng hoặc ghi chú ở từng trang tính.

Sheet Ô số
A1: Các ô số lớn
A2: Ô số ở trang 3 (Tóm tắt), trang 11 (Thống kê website), trang 12 (Thống kê Fanpage) của PDF
A4: Trang PDF | B4: Ô số | C4: Giá trị | D4: Ghi chú dưới số
A5: Trang 3 · Tóm tắt | B5: Chương trình đã chạy | C5: ='Chương trình theo loại'!B13 -> 64 | D5: 26 năm 2025 · 38 năm 2026. Fanpage đã báo thêm 20/10 và Halloween 2026
A6: Trang 3 · Tóm tắt | B6: Lượt thích trên 2 Fanpage | C6: 12734 | D6: 241 bài từ 20/10/2025; trung vị mỗi bài: trang Hotel 16, trang Café Lounge 4
A7: Trang 3 · Tóm tắt | B7: Lượt thích, bài cao nhất | C7: 1825 | D7: Luxury Banquet, tiệc trọn gói từ 280k mỗi khách (26/02/2026)
A8: Trang 11 · Website | B8: Bài đăng từ 01/2025 | C8: ='Bài web theo nhóm'!D15 -> 66 | D8: 2025: 36 bài · 2026: 30 bài (tới 09)
A9: Trang 11 · Website | B9: Lượt xem cộng dồn | C9: 106438 | D9: 65 bài có bộ đếm, tính tới 12/10/2026
A10: Trang 11 · Website | B10: Lượt xem mỗi bài (trung vị) | C10: ='Top 10 bài web'!B15 -> 1349 | D10: Bài 2025: 1.673 · 2026: 966
A11: Trang 11 · Website | B11: Lượt xem, bài cao nhất | C11: =MAX('Top 10 bài web'!B5:B14) -> 12923 | D11: Cẩm nang "Top 9 con suối ở Nha Trang"
A12: Trang 12 · Fanpage | B12: Bài trên 2 trang | C12: =SUM('Fanpage theo tháng'!B5:C17) -> 241 | D12: Hotel 159 bài từ 20/10/2025; Café Lounge 82 bài từ 08/02/2026
A13: Trang 12 · Fanpage | B13: Người theo dõi trang Hotel | C13: 1961 | D13: PDF gộp 2 số người theo dõi trong 1 ô: 1.961 · 490
A14: Trang 12 · Fanpage | B14: Người theo dõi trang Café Lounge | C14: 490
A15: Trang 12 · Fanpage | B15: Lượt thích | C15: =C6 -> 12734 | D15: 748 bình luận, 543 chia sẻ
A16: Trang 12 · Fanpage | B16: Lượt thích mỗi bài (trung vị), trang Hotel | C16: 16 | D16: PDF gộp 2 trung vị trong 1 ô: 16 · 4
A17: Trang 12 · Fanpage | B17: Lượt thích mỗi bài (trung vị), trang Café Lounge | C17: 4
A19: Ô có công thức lấy số từ các trang tính khác; các ô còn lại là số đã tính từ tim-hieu/bai-viet.csv, tim-hieu/bai-facebook.csv.
A20: Người theo dõi: đếm trên 2 Fanpage ngày 12 – 13/10/2026 (tim-hieu/4-facebook.md).

Sheet Hoạt động theo tháng
A1: Nhịp hoạt động theo tháng và các mốc chính
A2: Số bài mỗi tháng trên web và trên 2 Fanpage, 01/2025 – 10/2026 · PDF trang 4
A4: Tháng | B4: Bài web | D4: Tháng | E4: Bài Fanpage (2 trang) | G4: Giai đoạn | H4: Thời gian | I4: Tên
A5: 01/2025 | B5: 1 | D5: 01/2025 | G5: 1 | H5: 01/2025 – 11/2025 | I5: Mở rộng dịch vụ
A6: 02/2025 | B6: 1 | D6: 02/2025 | G6: 2 | H6: 12/2025 – 10/2026 | I6: Café Lounge và nghi lễ văn hóa
A7: 03/2025 | B7: 3 | D7: 03/2025
A8: 04/2025 | B8: 1 | D8: 04/2025
A9: 05/2025 | B9: 0 | D9: 05/2025 | G9: Thời điểm | H9: Mốc chính
A10: 06/2025 | B10: 0 | D10: 06/2025 | G10: 05/2025 | H10: Spa khai trương
A11: 07/2025 | B11: 9 | D11: 07/2025 | G11: 07/2025 | H11: Kỷ niệm 1 năm
A12: 08/2025 | B12: 10 | D12: 08/2025 | G12: 12/2025 | H12: Café Lounge mở cửa
A13: 09/2025 | B13: 2 | D13: 09/2025 | G13: 02/2026 | H13: Tết, lịch nhạc sống
A14: 10/2025 | B14: 4 | D14: 10/2025 | E14: 5 | G14: 05/2026 | H14: Gói hè Seasoulantics
A15: 11/2025 | B15: 3 | D15: 11/2025 | E15: 9 | G15: 05 – 09/2026 | H15: Thả đèn hoa đăng 3 lần
A16: 12/2025 | B16: 2 | D16: 12/2025 | E16: 10
A17: 01/2026 | B17: 1 | D17: 01/2026 | E17: 19
A18: 02/2026 | B18: 4 | D18: 02/2026 | E18: 41
A19: 03/2026 | B19: 2 | D19: 03/2026 | E19: 37
A20: 04/2026 | B20: 3 | D20: 04/2026 | E20: 31
A21: 05/2026 | B21: 4 | D21: 05/2026 | E21: 23
A22: 06/2026 | B22: 3 | D22: 06/2026 | E22: 21
A23: 07/2026 | B23: 3 | D23: 07/2026 | E23: 19
A24: 08/2026 | B24: 3 | D24: 08/2026 | E24: 12
A25: 09/2026 | B25: 7 | D25: 09/2026 | E25: 12
A26: 10/2026 | B26: 0 | D26: 10/2026 | E26: 2
A28: Fanpage: chưa có dữ liệu trước 20/10/2025 nên các ô để trống; tháng 10/2025 tính từ ngày 20.
A29: Tháng 10/2026 chỉ tính tới ngày 12.
A30: Nguồn: tim-hieu/bai-viet.csv (bài web có ngày đăng), tim-hieu/bai-facebook.csv (2 Fanpage).

Sheet Chương trình theo loại
A1: Số chương trình theo loại và năm
A2: 64 chương trình đã chạy, 01/2025 – 09/2026 · PDF trang 8
A4: Loại chương trình | B4: 2025 | C4: 2026 (tới 09)
A5: Ăn uống & giải trí | B5: 5 | C5: 14
A6: Sự kiện & lễ hội | B6: 5 | C6: 7
A7: Tiệc, hội nghị & B2B | B7: 4 | C7: 6
A8: Thương hiệu, CSR & PR | B8: 3 | C8: 6
A9: Phòng & gói lưu trú | B9: 6 | C9: 2
A10: Spa & tiện ích | B10: 3 | C10: 3
A12: Tổng | B12: =SUM(B5:B10) -> 26 | C12: =SUM(C5:C10) -> 38
A13: Tổng cả hai năm | B13: =B12+C12 -> 64
A15: Chỉ tính chương trình đã chạy. Đêm violin 20/10 và Halloween 2026 mới được báo, chưa tính.
A16: Nguồn: danh mục chương trình ở Phần 3 (trang 5 – 7) của PDF, lập từ web và 2 Fanpage.

Sheet Công bố trước
A1: Công bố trước bao nhiêu ngày
A2: Từ bài công bố có chi tiết tới ngày diễn ra, web và Fanpage · PDF trang 10
A4: Dịp | B4: Web | C4: Fanpage
A5: Halloween 31/10/2025 | C5: 2
A6: Thắp sáng cây thông 23/12/2025 | B6: 7 | C6: 10
A7: Countdown 31/12/2025 | B7: 6 | C7: 14
A8: Valentine 14/02/2026 | B8: 5 | C8: 7
A9: 8/3/2026 | B9: 4 | C9: 6
A10: 30/4/2026 | B10: 3 | C10: 4
A11: Phật Đản 31/05/2026 | B11: 4 | C11: 4
A12: Vu Lan, từ 22/08/2026 | B12: 1 | C12: 1
A13: Quốc khánh 2/9/2026 | B13: -12 | C13: 6
A14: Seasoulantern 23/09/2026 | B14: 5 | C14: 5
A15: Bánh Trung thu 2026 | B15: 36 | C15: 21
A17: Trung vị (không tính bánh Trung thu) | B17: =MEDIAN(B5:B14) -> 4 | C17: =MEDIAN(C5:C14) -> 5.5
A18: Nên công bố trước | B18: 21 – 28 ngày
A20: Số âm là bài đăng sau ngày diễn ra: ô hiện "sau 12" nhưng giá trị là -12. Ô trống: kênh đó không có bài.
A21: Trung vị không tính bánh Trung thu vì đó là sản phẩm, không phải sự kiện.
A22: Nguồn: tim-hieu/3-phan-tich.md (mục 4.2) và tim-hieu/4-facebook.md (mục 6).

Sheet Bài web theo nhóm
A1: Số bài theo nhóm và năm
A2: Bài trên web, năm 2026 tính tới hết tháng 9 · PDF trang 11
A4: Nhóm | B4: 2025 | C4: 2026 (tới 09) | D4: Tổng
A5: Ăn uống | B5: 6 | C5: 8 | D5: =SUM(B5:C5) -> 14
A6: Nhạc sống Café Lounge | B6: 0 | C6: 7 | D6: =SUM(B6:C6) -> 7
A7: Sự kiện lễ hội, văn hóa | B7: 4 | C7: 4 | D7: =SUM(B7:C7) -> 8
A8: Cẩm nang du lịch (SEO) | B8: 5 | C8: 4 | D8: =SUM(B8:C8) -> 9
A9: Thương hiệu, CSR | B9: 4 | C9: 3 | D9: =SUM(B9:C9) -> 7
A10: Chính sách, thông báo | B10: 1 | C10: 2 | D10: =SUM(B10:C10) -> 3
A11: Phòng, gói lưu trú | B11: 5 | C11: 1 | D11: =SUM(B11:C11) -> 6
A12: Spa | B12: 5 | C12: 1 | D12: =SUM(B12:C12) -> 6
A13: Hồ bơi, pool bar, gym | B13: 3 | C13: 0 | D13: =SUM(B13:C13) -> 3
A14: Hội nghị, tiệc, doanh nghiệp | B14: 3 | C14: 0 | D14: =SUM(B14:C14) -> 3
A15: Tổng | B15: =SUM(B5:B14) -> 36 | C15: =SUM(C5:C14) -> 30 | D15: =SUM(D5:D14) -> 66
A17: Ô càng đậm càng nhiều bài; dấu "·" là 0. Màu đã cài sẵn bằng định dạng có điều kiện, không cần vẽ biểu đồ.
A18: Nguồn: tim-hieu/bai-viet.csv (cột nhom_san_pham), bài đăng từ 01/2025.

Sheet Top 10 bài web
A1: Mười bài có nhiều lượt xem nhất
A2: Lượt xem cộng dồn tới 12/10/2026 · PDF trang 11
A4: Bài viết | B4: Lượt xem | D4: Loại bài | E4: Tháng đăng
A5: Top 9 con suối ở Nha Trang | B5: 12923 | D5: cẩm nang | E5: 03/2025
A6: Sea Soul Spa khai trương | B6: 6146 | D6: ra mắt | E6: 04/2025
A7: Đặt phòng trực tiếp nhận quà spa | B7: 3758 | D7: ưu đãi | E7: 07/2025
A8: Countdown 2026, khai trương Café Lounge | B8: 3725 | D8: sự kiện | E8: 12/2025
A9: Kinh nghiệm du lịch Nha Trang – Đà Lạt | B9: 3369 | D9: cẩm nang | E9: 10/2025
A10: Lịch trình Nha Trang 2 ngày 1 đêm | B10: 2566 | D10: cẩm nang | E10: 03/2025
A11: Mua gói spa Signature, tặng thêm dịch vụ | B11: 2045 | D11: spa | E11: 07/2025
A12: Chuỗi hoạt động Tết 2026 | B12: 2040 | D12: sự kiện | E12: 01/2026
A13: Lịch diễn nhạc sống tháng 2 | B13: 2034 | D13: nhạc sống | E13: 02/2026
A14: Đồ uống mừng 2/9 "Raise Your Glass" | B14: 2033 | D14: ăn uống | E14: 08/2025
A15: Trung vị mọi bài | B15: 1349
A17: Dòng "Trung vị mọi bài" thay cho vạch vàng trong PDF: trung vị của 65 bài có bộ đếm, đăng từ 01/2025.
A18: Cột Loại bài, Tháng đăng chỉ để tham khảo, không đưa vào biểu đồ.
A19: Nguồn: tim-hieu/bai-viet.csv (lượt xem lấy từ bộ đếm trên web ngày 12/10/2026).

Sheet Fanpage theo tháng
A1: Nhịp đăng và mức phản hồi theo tháng
A2: Số bài của 2 trang; trung vị lượt thích mỗi bài của trang Hotel; số bài trên 100 lượt thích · PDF trang 12
A4: Tháng | B4: Sea Soul Hotel | C4: Sea Soul Café Lounge | E4: Tháng | F4: Trung vị lượt thích mỗi bài (trang Hotel) | H4: Tháng | I4: Số bài trên 100 lượt thích (trang Hotel)
A5: 10/2025 | B5: 5 | E5: 10/2025 | F5: 44 | H5: 10/2025 | I5: 0
A6: 11/2025 | B6: 9 | E6: 11/2025 | F6: 33 | H6: 11/2025 | I6: 3
A7: 12/2025 | B7: 10 | E7: 12/2025 | F7: 22.5 | H7: 12/2025 | I7: 2
A8: 01/2026 | B8: 19 | E8: 01/2026 | F8: 25 | H8: 01/2026 | I8: 4
A9: 02/2026 | B9: 19 | C9: 22 | E9: 02/2026 | F9: 35 | H9: 02/2026 | I9: 4
A10: 03/2026 | B10: 19 | C10: 18 | E10: 03/2026 | F10: 11 | H10: 03/2026 | I10: 4
A11: 04/2026 | B11: 19 | C11: 12 | E11: 04/2026 | F11: 17 | H11: 04/2026 | I11: 1
A12: 05/2026 | B12: 14 | C12: 9 | E12: 05/2026 | F12: 13.5 | H12: 05/2026 | I12: 4
A13: 06/2026 | B13: 11 | C13: 10 | E13: 06/2026 | F13: 14 | H13: 06/2026 | I13: 1
A14: 07/2026 | B14: 11 | C14: 8 | E14: 07/2026 | F14: 11 | H14: 07/2026 | I14: 1
A15: 08/2026 | B15: 11 | C15: 1 | E15: 08/2026 | F15: 9 | H15: 08/2026 | I15: 0
A16: 09/2026 | B16: 10 | C16: 2 | E16: 09/2026 | F16: 8.5 | H16: 09/2026 | I16: 1
A17: 10/2026 | B17: 2 | C17: 0 | E17: 10/2026 | F17: 4 | H17: 10/2026 | I17: 0
A19: Tháng 10/2025 tính từ ngày 20. Tháng 10/2026 chỉ có 2 bài (tới ngày 12): trong PDF vẽ bằng chấm rỗng.
A20: Trang Café Lounge bắt đầu đăng từ 08/02/2026 nên các tháng trước để trống.
A21: Nguồn: tim-hieu/bai-facebook.csv (241 bài, quét ngày 12 – 13/10/2026).

Sheet Nhóm nội dung Fanpage
A1: Đăng nhiều chưa chắc được thích nhiều
A2: Trang Hotel, năm 2026: số bài và trung vị lượt thích mỗi bài theo nhóm nội dung · PDF trang 13
A4: Nhóm nội dung | B4: Số bài | D4: Nhóm nội dung | E4: Trung vị lượt thích mỗi bài
A5: Ăn uống | B5: 49 | D5: Ăn uống | E5: 18
A6: Sự kiện, dịp lễ | B6: 25 | D6: Sự kiện, dịp lễ | E6: 15
A7: Phòng & lưu trú | B7: 14 | D7: Phòng & lưu trú | E7: 10.5
A8: Nhạc sống | B8: 14 | D8: Nhạc sống | E8: 10
A9: Tiệc, hội nghị, sinh nhật | B9: 9 | D9: Tiệc, hội nghị, sinh nhật | E9: 27
A10: Spa | B10: 6 | D10: Spa | E10: 11.5
A11: Thương hiệu, CSR | B11: 2 | D11: Thương hiệu, CSR
A12: Hồ bơi, tiện ích | B12: 2 | D12: Hồ bơi, tiện ích
A13: Khác, không có chữ, thông báo | B13: 14 | D13: Khác, không có chữ, thông báo | E13: 12.5
D14: Trung vị chung (mọi bài năm 2026) | E14: 14
A16: Nhóm dưới 5 bài không tính trung vị nên ô để trống. "Hồ bơi, tiện ích" có 2 bài, trong đó video khu lái xe tải cho bé được 556 lượt thích.
A17: PDF tô màu nhóm "Tiệc, hội nghị, sinh nhật", các nhóm khác màu xám. Nhóm do máy phân loại theo tiêu đề nên có thể lệch vài bài.
A18: Nguồn: tim-hieu/bai-facebook.csv (cột nhom), 159 bài của trang Hotel.

Sheet Yếu tố lượt thích
A1: Những yếu tố đi kèm lượt thích cao hơn
A2: Trang Hotel, trung vị lượt thích mỗi bài khi có và khi không có từng yếu tố · PDF trang 13
A4: Yếu tố | B4: Có yếu tố | C4: Không có | E4: So sánh | F4: Gấp bao nhiêu lần
A5: Ghi giá cụ thể | B5: 48 | C5: 14.5 | E5: có giá so với không có giá | F5: =B5/C5 -> 3.3103448
A6: Dạng bài | B6: 45 | C6: 14 | E6: video so với ảnh | F6: =B6/C6 -> 3.2142857
A7: Giờ đăng | B7: 26 | C7: 15 | E7: 18 – 24 giờ so với trước 18 giờ | F7: =B7/C7 -> 1.7333333
A8: Nhóm tiệc, hội nghị | B8: 46 | C8: 14.5 | E8: tiệc, hội nghị, sinh nhật so với nhóm khác | F8: =B8/C8 -> 3.1724138
A9: Gia đình, trẻ em | B9: 25 | C9: 14 | E9: có nội dung cho bé so với không có | F9: =B9/C9 -> 1.7857143
A10: Số hashtag (năm 2026) | B10: 27 | C10: 14 | E10: dưới 10 so với từ 10 trở lên | F10: =B10/C10 -> 1.9285714
A12: Dạng bài, giờ đăng, nhóm tiệc: tính từ 159 bài của trang Hotel (tim-hieu/bai-facebook.csv).
A13: Giá, nội dung cho bé, hashtag: theo phân tích toàn văn 153 bài có chữ trong de-xuat/3-bai-hoc-va-dieu-chinh.md.
A14: Đây là tương quan, chưa phải nguyên nhân: bài được chạy quảng cáo có thể rơi nhiều vào nhóm có giá, có video, đăng buổi tối.

Sheet Reel trang Hotel
A1: Ba reel buffet chiếm 95% lượt xem reel
A2: 10 reel của trang Hotel, 06 – 09/2026 · PDF trang 13
A4: Reel (ngày đăng) | B4: Lượt xem | D4: Lượt thích | E4: Thích trên 1.000 xem
A5: Buffet hải sản cuối tuần (03/06) | B5: 102000 | D5: 87 | E5: =D5/B5*1000 -> 0.85294118
A6: Buffet hải sản cuối tuần (19/07) | B6: 65000 | D6: 69 | E6: =D6/B6*1000 -> 1.0615385
A7: Buffet hải sản cuối tuần (20/06) | B7: 33000 | D7: 23 | E7: =D7/B7*1000 -> 0.6969697
A8: Seafood & Wine Platter (14/06) | B8: 3400 | D8: 14 | E8: =D8/B8*1000 -> 4.1176471
A9: Cocktail mùa hè (06/07) | B9: 1600 | D9: 6 | E9: =D9/B9*1000 -> 3.75
A10: BBQ T-Bone và rượu vang (10/07) | B10: 1500 | D10: 8 | E10: =D10/B10*1000 -> 5.3333333
A11: Nhạc sống mỗi tối (08/08) | B11: 1200 | D11: 19 | E11: =D11/B11*1000 -> 15.833333
A12: Combo trưa 89K (07/09) | B12: 1100 | D12: 10 | E12: =D12/B12*1000 -> 9.0909091
A13: Seasoulantern (14/09) | B13: 1100 | D13: 17 | E13: =D13/B13*1000 -> 15.454545
A14: Lời chúc Trung thu (25/09) | B14: 470 | D14: 8 | E14: =D14/B14*1000 -> 17.021277
A16: Phần lượt xem của 3 reel buffet | B16: =SUM(B5:B7)/SUM(B5:B14) -> 0.9507059
A18: PDF tô màu 3 reel buffet (3 dòng đầu), các reel khác màu xám.
A19: Ba reel buffet có khoảng 1 lượt thích trên 1.000 lượt xem, tỷ lệ hay gặp khi có chạy quảng cáo.
A20: Nguồn: tim-hieu/4-facebook.md (mục 7), lượt xem và lượt thích tại ngày quét.

Sheet Chương trình trên 100 thích
A1: 16 chương trình có bài trên 100 lượt thích
A2: Lượt thích của bài Fanpage tốt nhất ở mỗi chương trình, 10/2025 – 10/2026 · PDF trang 14
A4: Chương trình | B4: Lượt thích
A5: Luxury Banquet, tiệc từ 280k/khách | B5: 1825
A6: Buffet hải sản cuối tuần 435k | B6: 1209
A7: Year End Party 2025, từ 269k/khách | B7: 1066
A8: Gói hè Seasoulantics, từ 950k/khách | B8: 660
A9: Khu lái xe tải cho bé, 100k/giờ | B9: 556
A10: Nhạc sống: lịch diễn tháng 2 | B10: 429
A11: Combo trưa 89k | B11: 415
A12: Tiệc sinh nhật, từ 170k/khách | B12: 285
A13: Buffet sáng cuối tuần 119k | B13: 163
A14: SeaSoulighting Her Day (8/3) | B14: 162
A15: Thắp sáng cây thông 2025 | B15: 137
A16: Tết 2026 (video áo dài) | B16: 135
... A20: Black Friday: mua 1 tặng 1 phòng Suite | B20: 103
A22: Mỗi chương trình lấy bài Fanpage có nhiều lượt thích nhất.
A23: Nguồn: tim-hieu/bai-facebook.csv và danh mục chương trình ở Phần 3 của PDF.
